prénom,nom,senateur
Arthur,Lavy,http://www.wikidata.org/entity/Q2865192
Arthur,Moulin,http://www.wikidata.org/entity/Q2865258
Bruno,Gilles,http://www.wikidata.org/entity/Q2926806
Bruno,Retailleau,http://www.wikidata.org/entity/Q2926942
Bruno,Sido,http://www.wikidata.org/entity/Q2926985
Catherine,Deroche,http://www.wikidata.org/entity/Q2941883
Catherine,Dumas,http://www.wikidata.org/entity/Q2941903
Catherine,Génisson,http://www.wikidata.org/entity/Q2941945
Catherine,Morin-Desailly,http://www.wikidata.org/entity/Q2942013
Catherine,Tasca,http://www.wikidata.org/entity/Q2942078
Catherine,Troendle,http://www.wikidata.org/entity/Q2942086
Charles,Alliès,http://www.wikidata.org/entity/Q2958377
Charles,Beaupetit,http://www.wikidata.org/entity/Q2958508
Charles,Bosson,http://www.wikidata.org/entity/Q2958585
Charles,Descours,http://www.wikidata.org/entity/Q2958887
Charles,Durand,http://www.wikidata.org/entity/Q2958971
Charles,Gautier,http://www.wikidata.org/entity/Q2959183
Charles,Josselin,http://www.wikidata.org/entity/Q2959501
Charles,Pelletier,http://www.wikidata.org/entity/Q2959965
Charles,Revet,http://www.wikidata.org/entity/Q2960112
Charles,Stoessel,http://www.wikidata.org/entity/Q2960257
Charles,Suran,http://www.wikidata.org/entity/Q2960268
Bernadette,Bourzai,http://www.wikidata.org/entity/Q2897356
Bernadette,Dupont,http://www.wikidata.org/entity/Q2897358
Béatrice,Descamps,http://www.wikidata.org/entity/Q2929439
Camille,Cabana,http://www.wikidata.org/entity/Q2934879
Aubert,García,http://www.wikidata.org/entity/Q2870571
Armand,Martin,http://www.wikidata.org/entity/Q2861761
Bernard,Angels,http://www.wikidata.org/entity/Q2897442
Bernard,Barbier,http://www.wikidata.org/entity/Q2897487
Bernard,Cazeau,http://www.wikidata.org/entity/Q2897658
Bernard,Fournier,http://www.wikidata.org/entity/Q2897913
Bernard,Frimat,http://www.wikidata.org/entity/Q2897926
Bernard,Guyomard,http://www.wikidata.org/entity/Q2898019
Bernard,Hugo,http://www.wikidata.org/entity/Q2898073
Bernard,Joly,http://www.wikidata.org/entity/Q2898104
Bernard,Laurent,http://www.wikidata.org/entity/Q2898189
Bernard,Legrand,http://www.wikidata.org/entity/Q2898220
Bernard,Lemarié,http://www.wikidata.org/entity/Q2898230
Bernard,Mantienne,http://www.wikidata.org/entity/Q2898280
Bernard,Murat,http://www.wikidata.org/entity/Q2898366
Bernard,Piras,http://www.wikidata.org/entity/Q2898442
Bernard,Vera,http://www.wikidata.org/entity/Q2898741
Antoine,Lefèvre,http://www.wikidata.org/entity/Q2854148
Arnaud,Bazin,http://www.wikidata.org/entity/Q2863048
Caroline,Fournier,http://www.wikidata.org/entity/Q2939980
Caroline,Cayeux,http://www.wikidata.org/entity/Q2939980
Christian,Bonnet,http://www.wikidata.org/entity/Q2965060
Christian,Cambon,http://www.wikidata.org/entity/Q2965111
Christian,Cointat,http://www.wikidata.org/entity/Q2965163
Christian,Demuynck,http://www.wikidata.org/entity/Q2965213
Christian,Favier,http://www.wikidata.org/entity/Q2965244
Auguste,Amic,http://www.wikidata.org/entity/Q2871031
Auguste,Billiemaz,http://www.wikidata.org/entity/Q2871063
Auguste,Cazalet,http://www.wikidata.org/entity/Q2871109
Auguste,Chupin,http://www.wikidata.org/entity/Q2871128
Auguste,Cousin,http://www.wikidata.org/entity/Q2871133
Auguste,Pinton,http://www.wikidata.org/entity/Q2871361
Brigitte,Bout,http://www.wikidata.org/entity/Q2925414
Brigitte,Gonthier,http://www.wikidata.org/entity/Q2925430
Brigitte,Maurin,http://www.wikidata.org/entity/Q2925430
Brigitte,Gros,http://www.wikidata.org/entity/Q2925431
Brigitte,Luypaert,http://www.wikidata.org/entity/Q2925448
Benoît,Huré,http://www.wikidata.org/entity/Q2896549
Basile,Tui,http://www.wikidata.org/entity/Q2886860
Aymeri,de Montesquiou,http://www.wikidata.org/entity/Q2874954
Baudouin,de Hauteclocque,http://www.wikidata.org/entity/Q2891992
Abel,Gauthier,http://www.wikidata.org/entity/Q2821511
Abel,Sempé,http://www.wikidata.org/entity/Q2821531
Adolphe,Chauvin,http://www.wikidata.org/entity/Q2824791
Adolphe,Dutoit,http://www.wikidata.org/entity/Q2824814
Amédée,Bouquerel,http://www.wikidata.org/entity/Q2844631
Amédée,Valeau,http://www.wikidata.org/entity/Q2844715
Annie,David,http://www.wikidata.org/entity/Q2851645
Annie,Guillemot,http://www.wikidata.org/entity/Q2851664
Albert,Boucher,http://www.wikidata.org/entity/Q2830978
Albert,Boucher,http://www.wikidata.org/entity/Q2830978
Albert,Pen,http://www.wikidata.org/entity/Q2831457
Albert,Ramassamy,http://www.wikidata.org/entity/Q2831490
Albert,Vecten,http://www.wikidata.org/entity/Q2831621
Albert,Voilquin,http://www.wikidata.org/entity/Q2831629
Aimé,Bergeal,http://www.wikidata.org/entity/Q2828037
René,Vandierendonck,http://www.wikidata.org/entity/Q2787085
Alain,Anziani,http://www.wikidata.org/entity/Q2829515
Alain,Bertrand,http://www.wikidata.org/entity/Q2829565
Alain,Fauconnier,http://www.wikidata.org/entity/Q2829799
Alain,Gournac,http://www.wikidata.org/entity/Q2829876
Alain,Gérard,http://www.wikidata.org/entity/Q2829903
Alain,Houpert,http://www.wikidata.org/entity/Q2829913
Alain,Joyandet,http://www.wikidata.org/entity/Q2829945
Alain,Néri,http://www.wikidata.org/entity/Q2830133
Alain,Pluchet,http://www.wikidata.org/entity/Q2830175
Alain,Vasselle,http://www.wikidata.org/entity/Q2830347
Alfred,Foy,http://www.wikidata.org/entity/Q2835124
Alfred,Kieffer,http://www.wikidata.org/entity/Q2835225
Alfred,Poroi,http://www.wikidata.org/entity/Q2835404
André,Armengaud,http://www.wikidata.org/entity/Q2847158
André,Armengaud,http://www.wikidata.org/entity/Q2847158
André,Aubry,http://www.wikidata.org/entity/Q2847171
André,Boyer,http://www.wikidata.org/entity/Q2847371
André,Bruneau,http://www.wikidata.org/entity/Q2847392
André,Colin,http://www.wikidata.org/entity/Q2847545
André,Daugnac,http://www.wikidata.org/entity/Q2847590
André,Delelis,http://www.wikidata.org/entity/Q2847627
André,Diligent,http://www.wikidata.org/entity/Q2847653
André,Dulin,http://www.wikidata.org/entity/Q2847686
André,Ferrand,http://www.wikidata.org/entity/Q2847751
André,Gaspard,http://www.wikidata.org/entity/Q2847809
André,Geoffroy,http://www.wikidata.org/entity/Q2847828
André,Jarrot,http://www.wikidata.org/entity/Q2847989
André,Jouany,http://www.wikidata.org/entity/Q2848005
André,Jourdain,http://www.wikidata.org/entity/Q2848013
André,Lejeune,http://www.wikidata.org/entity/Q2848149
André,Maman,http://www.wikidata.org/entity/Q2848229
André,Martin,http://www.wikidata.org/entity/Q2848256
André,Mignot,http://www.wikidata.org/entity/Q2848306
André,Morice,http://www.wikidata.org/entity/Q2848330
André,Picard,http://www.wikidata.org/entity/Q2848437
André,Plait,http://www.wikidata.org/entity/Q2848453
André,Servat,http://www.wikidata.org/entity/Q2848637
André,Traband,http://www.wikidata.org/entity/Q2848713
André,Vairetto,http://www.wikidata.org/entity/Q2848736
André,Vallet,http://www.wikidata.org/entity/Q2848739
André,Vallini,http://www.wikidata.org/entity/Q2848745
André,Villiers,http://www.wikidata.org/entity/Q2848786
André,Vézinhet,http://www.wikidata.org/entity/Q2848800
Alex,Roubert,http://www.wikidata.org/entity/Q2833021
Alex,Türk,http://www.wikidata.org/entity/Q2833050
Hubert,Falco,http://www.wikidata.org/entity/Q2750200
Alphonse,Arzel,http://www.wikidata.org/entity/Q2839694
Antoine,Andrieux,http://www.wikidata.org/entity/Q2853592
Adeline,Gousseau,http://www.wikidata.org/entity/Q2824213
Alexandre,Dumas,http://www.wikidata.org/entity/Q2833635
Anne-Marie,Escoffier,http://www.wikidata.org/entity/Q2850864
Anne-Marie,Payet,http://www.wikidata.org/entity/Q2850886
Adrien,Giraud,http://www.wikidata.org/entity/Q2825180
Adrien,Gouteyron,http://www.wikidata.org/entity/Q2825184
Aline,Jodry,http://www.wikidata.org/entity/Q2837020
Aline,Archimbaud,http://www.wikidata.org/entity/Q2837020
Albéric,de Montgolfier,http://www.wikidata.org/entity/Q2832067
Abdourahamane,Soilihi,http://www.wikidata.org/entity/Q2821402
Ambroise,Dupont,http://www.wikidata.org/entity/Q2842382
André-Georges,Voisin,http://www.wikidata.org/entity/Q2847047
Annick,Bocandé,http://www.wikidata.org/entity/Q2851565
Dominique,Bailly,http://www.wikidata.org/entity/Q3034967
Dominique,Braye,http://www.wikidata.org/entity/Q3035023
Dominique,Gillot,http://www.wikidata.org/entity/Q3035194
Dominique,Raviat,http://www.wikidata.org/entity/Q3035194
Dominique,Larifla,http://www.wikidata.org/entity/Q3035266
Dominique,Leclerc,http://www.wikidata.org/entity/Q3035280
Dominique,Mortemousque,http://www.wikidata.org/entity/Q3035341
Dominique,Pado,http://www.wikidata.org/entity/Q3035363
Dominique,Watrin,http://www.wikidata.org/entity/Q3035535
Dominique,de Legge,http://www.wikidata.org/entity/Q3035559
Ernest,Petit,http://www.wikidata.org/entity/Q3057131
Esther,Sittler,http://www.wikidata.org/entity/Q3058990
Florian,Bruyas,http://www.wikidata.org/entity/Q3074174
François,Abadie,http://www.wikidata.org/entity/Q3083773
François,Blaizot,http://www.wikidata.org/entity/Q3083986
Denis,Badré,http://www.wikidata.org/entity/Q3022530
Fernand,Auberger,http://www.wikidata.org/entity/Q3069037
Fernand,Chatelain,http://www.wikidata.org/entity/Q3069083
Fernand,Demilly,http://www.wikidata.org/entity/Q3069121
Fernand,Dussert,http://www.wikidata.org/entity/Q3069138
Fernand,Esseul,http://www.wikidata.org/entity/Q3069140
Fernand,Lefort,http://www.wikidata.org/entity/Q3069234
Fernand,Poignant,http://www.wikidata.org/entity/Q3069301
Fernand,Tardy,http://www.wikidata.org/entity/Q3069346
Fernand,Verdeille,http://www.wikidata.org/entity/Q3069363
Francis,Delattre,http://www.wikidata.org/entity/Q3081384
Francis,Grignon,http://www.wikidata.org/entity/Q3081473
Francis,Le Basser,http://www.wikidata.org/entity/Q3081540
Cécile,Cukierman,http://www.wikidata.org/entity/Q3009722
Cécile,Goldet,http://www.wikidata.org/entity/Q3009743
Christiane,Hummel,http://www.wikidata.org/entity/Q2965766
Christiane,Longère,http://www.wikidata.org/entity/Q2965783
France,Lechenault,http://www.wikidata.org/entity/Q3080723
Jean-Michel,Baylet,http://www.wikidata.org/entity/Q3082745
Franz,Duboscq,http://www.wikidata.org/entity/Q3083097
Claudine,Lepage,http://www.wikidata.org/entity/Q2978494
Dinah,Derycke,http://www.wikidata.org/entity/Q3028246
Daniel,Benoist,http://www.wikidata.org/entity/Q3013711
Daniel,Goulet,http://www.wikidata.org/entity/Q3014108
Daniel,Laurent,http://www.wikidata.org/entity/Q3014298
Daniel,Marsin,http://www.wikidata.org/entity/Q3014427
Daniel,Millaud,http://www.wikidata.org/entity/Q3014455
Daniel,Percheron,http://www.wikidata.org/entity/Q3014544
Daniel,Raoul,http://www.wikidata.org/entity/Q3014586
Daniel,Soulage,http://www.wikidata.org/entity/Q3014708
Michel,Thiollière,http://www.wikidata.org/entity/Q3031932
Christophe,Frassa,http://www.wikidata.org/entity/Q2966061
Corinne,Bouchoux,http://www.wikidata.org/entity/Q2997298
Claude,Belot,http://www.wikidata.org/entity/Q2976977
Claude,Billard,http://www.wikidata.org/entity/Q2977010
Claude,Biwer,http://www.wikidata.org/entity/Q2977023
Claude,Estier,http://www.wikidata.org/entity/Q2977355
Claude,Fuzier,http://www.wikidata.org/entity/Q2977424
Claude,Jeannerot,http://www.wikidata.org/entity/Q2977597
Claude,Lise,http://www.wikidata.org/entity/Q2977716
Claude,Léonard,http://www.wikidata.org/entity/Q2977733
Claude,Mont,http://www.wikidata.org/entity/Q2977847
Claude,Saunier,http://www.wikidata.org/entity/Q2978132
Didier,Boulaud,http://www.wikidata.org/entity/Q3026940
Didier,Borotra,http://www.wikidata.org/entity/Q3026943
Didier,Guillaume,http://www.wikidata.org/entity/Q3027038
Didier,Guillaume,http://www.wikidata.org/entity/Q3027038
Didier,Marie,http://www.wikidata.org/entity/Q3027102
Didier,Robert,http://www.wikidata.org/entity/Q3027191
Christian,Gaudin,http://www.wikidata.org/entity/Q2965285
Christian,Lunet de La Malène,http://www.wikidata.org/entity/Q2965727
Emmanuel,Hamel,http://www.wikidata.org/entity/Q3052726
Eugène,Bonnet,http://www.wikidata.org/entity/Q3059739
Eugène,Boyer,http://www.wikidata.org/entity/Q3059744
Danielle,Michel,http://www.wikidata.org/entity/Q3015012
Clément,Balestra,http://www.wikidata.org/entity/Q2980569
Claire-Lise,Campion,http://www.wikidata.org/entity/Q2974991
Delphine,Bataille,http://www.wikidata.org/entity/Q3021806
Hasday,Estier,http://www.wikidata.org/entity/Q2977355
Anne,Heinis,http://www.wikidata.org/entity/Q2415868
Annie,Le Houérou,http://www.wikidata.org/entity/Q2689081
Esther,Benbassa,http://www.wikidata.org/entity/Q1285501
Jacques,Baumel,http://www.wikidata.org/entity/Q1242626
Jacques,Delalande,http://www.wikidata.org/entity/Q2363780
Xavier,de Villepin,http://www.wikidata.org/entity/Q1432745
Xavier,Darcos,http://www.wikidata.org/entity/Q1470586
François,Gerbaud,http://www.wikidata.org/entity/Q1922541
François,Autain,http://www.wikidata.org/entity/Q2373234
Francis,Giraud,http://www.wikidata.org/entity/Q1441506
Maurice,Fontaine,http://www.wikidata.org/entity/Q1661456
Maurice,Fontaine,http://www.wikidata.org/entity/Q1661456
Maurice,Blin,http://www.wikidata.org/entity/Q2398250
Henri,Rochereau,http://www.wikidata.org/entity/Q1371253
Henri,d'Attilio,http://www.wikidata.org/entity/Q1606064
Gilbert,Baumet,http://www.wikidata.org/entity/Q1523929
Hector,Dubois,http://www.wikidata.org/entity/Q2364562
Yves,Estève,http://www.wikidata.org/entity/Q786627
Pierre,Taittinger,http://www.wikidata.org/entity/Q820283
Pierre,Frogier,http://www.wikidata.org/entity/Q960015
Pierre,Camani,http://www.wikidata.org/entity/Q980053
Pierre,Laurent,http://www.wikidata.org/entity/Q2093665
Raymond,Marcellin,http://www.wikidata.org/entity/Q1347314
René,Billères,http://www.wikidata.org/entity/Q2676536
Alain,Chatillon,http://www.wikidata.org/entity/Q927330
Alain,Peyrefitte,http://www.wikidata.org/entity/Q929334
Alain,Richard,http://www.wikidata.org/entity/Q930418
Alain,Cadec,http://www.wikidata.org/entity/Q1404258
Alain,Marc,http://www.wikidata.org/entity/Q2271854
Alain,Fouché,http://www.wikidata.org/entity/Q2403333
Alain,Journet,http://www.wikidata.org/entity/Q2636454
Louis,Mermaz,http://www.wikidata.org/entity/Q976492
Louis,Jung,http://www.wikidata.org/entity/Q1871784
Louis,Philibert,http://www.wikidata.org/entity/Q1871919
Louis,Minetti,http://www.wikidata.org/entity/Q2401155
Charles,Lederman,http://www.wikidata.org/entity/Q1065308
Jean-Claude,Leroy,http://www.wikidata.org/entity/Q2393437
Jean-Claude,Leroy,http://www.wikidata.org/entity/Q2393437
Jean-Claude,Leroy,http://www.wikidata.org/entity/Q2393437
Jean-Claude,Leroy,http://www.wikidata.org/entity/Q2393437
Jean-Marie,Louvel,http://www.wikidata.org/entity/Q950719
Jean-Marie,Bockel,http://www.wikidata.org/entity/Q981661
Jean-Marie,Girault,http://www.wikidata.org/entity/Q1685043
Alfred,Gerin,http://www.wikidata.org/entity/Q2396975
Roger,Karoutchi,http://www.wikidata.org/entity/Q1059511
Paul,Vergès,http://www.wikidata.org/entity/Q935962
Paul,Souffrin,http://www.wikidata.org/entity/Q1634402
Paul,Natali,http://www.wikidata.org/entity/Q2424263
Marcel,Rainaud,http://www.wikidata.org/entity/Q1893168
Marcel,Rudloff,http://www.wikidata.org/entity/Q1893177
Marcel,Cavaillé,http://www.wikidata.org/entity/Q2385347
Marcel,Daunay,http://www.wikidata.org/entity/Q2411493
Robert,Hue,http://www.wikidata.org/entity/Q937091
Robert,Schwint,http://www.wikidata.org/entity/Q1632013
Jean-Pierre,Bel,http://www.wikidata.org/entity/Q1393994
Jean-Pierre,Fourcade,http://www.wikidata.org/entity/Q1685206
Jean-Pierre,Plancade,http://www.wikidata.org/entity/Q2396150
André,François-Poncet,http://www.wikidata.org/entity/Q1394814
André,Monteil,http://www.wikidata.org/entity/Q2111463
André,Trillard,http://www.wikidata.org/entity/Q2410939
Jean,Filippi,http://www.wikidata.org/entity/Q971593
Jean,Filippi,http://www.wikidata.org/entity/Q971593
Jean,Filippi,http://www.wikidata.org/entity/Q971593
Jean,François-Poncet,http://www.wikidata.org/entity/Q1394814
Jean,Berthoin,http://www.wikidata.org/entity/Q1469157
Edmond,Michelet,http://www.wikidata.org/entity/Q871444
Suzanne,Schreiber,http://www.wikidata.org/entity/Q2370182
Suzanne,Crémieux,http://www.wikidata.org/entity/Q2370182
Serge,Bloch,http://www.wikidata.org/entity/Q981270
Serge,Dassault,http://www.wikidata.org/entity/Q981270
Émile,Vivier,http://www.wikidata.org/entity/Q2372650
Gérard,Longuet,http://www.wikidata.org/entity/Q1360173
Hubert,Haenel,http://www.wikidata.org/entity/Q1439604
Michel,Giraud,http://www.wikidata.org/entity/Q919918
Michel,Caillard d'Aillières,http://www.wikidata.org/entity/Q1521083
Nicole,Bonnefoy,http://www.wikidata.org/entity/Q962910
Francisque,Collomb,http://www.wikidata.org/entity/Q800007
Philippe,Adnot,http://www.wikidata.org/entity/Q2155506
Georges,Marrane,http://www.wikidata.org/entity/Q1097717
Georges,Spénale,http://www.wikidata.org/entity/Q1228890
Georges,Benedetti,http://www.wikidata.org/entity/Q1508800
Georges,Benedetti,http://www.wikidata.org/entity/Q1508800
Georges,Lombard,http://www.wikidata.org/entity/Q1508990
Georges,Martin,http://www.wikidata.org/entity/Q1509018
Georges,Guille,http://www.wikidata.org/entity/Q2265163
Colette,Guibal,http://www.wikidata.org/entity/Q2396093
Colette,Giudicelli,http://www.wikidata.org/entity/Q2396093
Jean-Paul,Fournier,http://www.wikidata.org/entity/Q1685137
Jean-Paul,Alduy,http://www.wikidata.org/entity/Q2020016
Félix,Ciccolini,http://www.wikidata.org/entity/Q1479452
Christian,Bourquin,http://www.wikidata.org/entity/Q930590
Christian,Bergelin,http://www.wikidata.org/entity/Q2363445
Christian,Masson,http://www.wikidata.org/entity/Q2389333
Thierry,Carcenac,http://www.wikidata.org/entity/Q2420908
Valérie,Létard,http://www.wikidata.org/entity/Q2321787
Bastien,Leccia,http://www.wikidata.org/entity/Q810647
Edgard,Pisani,http://www.wikidata.org/entity/Q1284283
Josselin,de Rohan,http://www.wikidata.org/entity/Q2441800
Jacqueline,Chevé,http://www.wikidata.org/entity/Q520004
Dominique,Voynet,http://www.wikidata.org/entity/Q268669
Marie,Vermeersch,http://www.wikidata.org/entity/Q768360
Jacques,Duclos,http://www.wikidata.org/entity/Q377790
Roland,Ries,http://www.wikidata.org/entity/Q469010
Guy,Fischer,http://www.wikidata.org/entity/Q12949
François,Mitterrand,http://www.wikidata.org/entity/Q2038
François,Fillon,http://www.wikidata.org/entity/Q101410
François,Rebsamen,http://www.wikidata.org/entity/Q383499
François,Baroin,http://www.wikidata.org/entity/Q736013
Françoise,Laurent-Perrigot,http://www.wikidata.org/entity/Q509530
Fabienne,Keller,http://www.wikidata.org/entity/Q440151
Maurice,Schumann,http://www.wikidata.org/entity/Q282882
Maurice,Couve de Murville,http://www.wikidata.org/entity/Q312034
Maurice,Antiste,http://www.wikidata.org/entity/Q601481
Henri,Lafleur,http://www.wikidata.org/entity/Q603660
Jean-Luc,Mélenchon,http://www.wikidata.org/entity/Q5829
Jeannette,Vermeersch,http://www.wikidata.org/entity/Q768360
Nelly,Olin,http://www.wikidata.org/entity/Q272848
Yves,Guéna,http://www.wikidata.org/entity/Q342878
Pierre,Mélenchon,http://www.wikidata.org/entity/Q5829
Pierre,Mauroy,http://www.wikidata.org/entity/Q156511
Pierre,Laffitte,http://www.wikidata.org/entity/Q679585
Raymond,Poincaré,http://www.wikidata.org/entity/Q191974
Raymond,Bourgine,http://www.wikidata.org/entity/Q548579
Joël,Bourdin,http://www.wikidata.org/entity/Q670849
René,Coty,http://www.wikidata.org/entity/Q158768
Edgar,Faure,http://www.wikidata.org/entity/Q327013
Edgar,Tailhades,http://www.wikidata.org/entity/Q665118
Alain,Poher,http://www.wikidata.org/entity/Q12950
Alain,Milon,http://www.wikidata.org/entity/Q388399
Alain,Lambert,http://www.wikidata.org/entity/Q429805
Louis,Le Pensec,http://www.wikidata.org/entity/Q497610
Charles,Pasqua,http://www.wikidata.org/entity/Q725609
Christiane,Demontès,http://www.wikidata.org/entity/Q12945
Christiane,Boccard,http://www.wikidata.org/entity/Q644244
Christiane,Kammermann,http://www.wikidata.org/entity/Q644244
Jean-Claude,Gaudin,http://www.wikidata.org/entity/Q670918
Jean-Claude,Gaudin,http://www.wikidata.org/entity/Q670918
Jean-Marie,Morisset,http://www.wikidata.org/entity/Q662414
Bertrand,Delanoë,http://www.wikidata.org/entity/Q256294
Chantal,Jouanno,http://www.wikidata.org/entity/Q524546
Roger,Carcassonne,http://www.wikidata.org/entity/Q116081
Paul,Girod,http://www.wikidata.org/entity/Q422171
Robert,Vigouroux,http://www.wikidata.org/entity/Q115615
Robert,Navarro,http://www.wikidata.org/entity/Q285345
Robert,Galley,http://www.wikidata.org/entity/Q345888
Camille,Vallin,http://www.wikidata.org/entity/Q508608
Camille,Vallin,http://www.wikidata.org/entity/Q508608
Isabelle,Debré,http://www.wikidata.org/entity/Q523632
Jean-Pierre,Raffarin,http://www.wikidata.org/entity/Q63263
Jean-Pierre,Tizon,http://www.wikidata.org/entity/Q241994
Jean-Pierre,Chevènement,http://www.wikidata.org/entity/Q736502
Jean-Pierre,Vial,http://www.wikidata.org/entity/Q743188
André,Bettencourt,http://www.wikidata.org/entity/Q517072
André,Duroméa,http://www.wikidata.org/entity/Q518421
André,Labarrère,http://www.wikidata.org/entity/Q520375
André,Reichardt,http://www.wikidata.org/entity/Q522471
André,Rouvière,http://www.wikidata.org/entity/Q522609
Jean,Francou,http://www.wikidata.org/entity/Q116092
Jean,Lecanuet,http://www.wikidata.org/entity/Q537864
Edmond,Hervé,http://www.wikidata.org/entity/Q329044
Serge,Vinçon,http://www.wikidata.org/entity/Q574408
Émile,Tricon,http://www.wikidata.org/entity/Q286495
Gérard,Collomb,http://www.wikidata.org/entity/Q12956
Gérard,Larcher,http://www.wikidata.org/entity/Q784021
Daniel,Dubois,http://www.wikidata.org/entity/Q113957
Daniel,Reiner,http://www.wikidata.org/entity/Q588867
Michel,Mercier,http://www.wikidata.org/entity/Q12955
Michel,Delebarre,http://www.wikidata.org/entity/Q129774
Michel,Magras,http://www.wikidata.org/entity/Q385483
Michel,Barnier,http://www.wikidata.org/entity/Q438465
Michel,Houel,http://www.wikidata.org/entity/Q611837
Michel,Durafour,http://www.wikidata.org/entity/Q691457
Nicole,Bricq,http://www.wikidata.org/entity/Q452131
Antoine,Mélenchon,http://www.wikidata.org/entity/Q5829
Antoine,Karam,http://www.wikidata.org/entity/Q585077
Julie,Vermeersch,http://www.wikidata.org/entity/Q768360
Philippe,Dallier,http://www.wikidata.org/entity/Q283553
Christophe,Béchu,http://www.wikidata.org/entity/Q544725
Yvon,Collin,http://www.wikidata.org/entity/Q586264
Yvon,Bourges,http://www.wikidata.org/entity/Q764381
Claude,Malhuret,http://www.wikidata.org/entity/Q389141
Claude,Haut,http://www.wikidata.org/entity/Q651393
Léon,David,http://www.wikidata.org/entity/Q116095
Gaston,Monnerville,http://www.wikidata.org/entity/Q443841
Gaston,Defferre,http://www.wikidata.org/entity/Q608815
Élisabeth,Lamure,http://www.wikidata.org/entity/Q12948
Élisabeth,Lamure,http://www.wikidata.org/entity/Q12948
Pascale,Gruny,http://www.wikidata.org/entity/Q439732
Janine,Rozier,http://www.wikidata.org/entity/Q691267
Jacky,Le Menn,http://www.wikidata.org/entity/Q592313
François-Noël,Buffet,http://www.wikidata.org/entity/Q12944
Muguette,Dini,http://www.wikidata.org/entity/Q12947
Marie-Christine,Blandin,http://www.wikidata.org/entity/Q274196
Marie-Noëlle,Lienemann,http://www.wikidata.org/entity/Q461454
Guy-Dominique,Kennel,http://www.wikidata.org/entity/Q761527
Pouvanaa,Oopa,http://www.wikidata.org/entity/Q352280
Pierre-Yvon,Trémel,http://www.wikidata.org/entity/Q662153
Françoise,Férat,http://www.wikidata.org/entity/Q3086489
Dominique,Vérien,http://www.wikidata.org/entity/Q45946207
Anne,Ventalon,http://www.wikidata.org/entity/Q63764964
Muriel,Cabaret,http://www.wikidata.org/entity/Q96650109
Florence,Lassarade,http://www.wikidata.org/entity/Q41545911
Françoise,Ramond,http://www.wikidata.org/entity/Q60297122
Yves,Bouloux,http://www.wikidata.org/entity/Q45936948
Alain,Sévêque,http://www.wikidata.org/entity/Q65602380
Jean-Michel,Arnaud,http://www.wikidata.org/entity/Q65563856
Mélanie,Vogel,http://www.wikidata.org/entity/Q108702159
Stéphane,Cardenes,http://www.wikidata.org/entity/Q65571317
Vincent,Segouin,http://www.wikidata.org/entity/Q55327374
Béatrice,Gosselin,http://www.wikidata.org/entity/Q65583825
Marie-Agnès,Évrard,http://www.wikidata.org/entity/Q63766849
Gérard,Lahellec,http://www.wikidata.org/entity/Q63248665
Daniel,Gueret,http://www.wikidata.org/entity/Q63763298
Daniel,Guéret,http://www.wikidata.org/entity/Q63763298
Daniel,Salmon,http://www.wikidata.org/entity/Q99672266
Bernard,Fialaire,http://www.wikidata.org/entity/Q63766165
Nadine,Grelet-Certenais,http://www.wikidata.org/entity/Q41543886
Toine,Bourrat,http://www.wikidata.org/entity/Q62077875
Christophe,Chaudun,http://www.wikidata.org/entity/Q63765268
Jean-Paul,Prince,http://www.wikidata.org/entity/Q41791083
Thierry,Meignen,http://www.wikidata.org/entity/Q48338491
Thierry,Cozic,http://www.wikidata.org/entity/Q65575530
Patrick,Chauvet,http://www.wikidata.org/entity/Q65573095
Valérie,Blandin,http://www.wikidata.org/entity/Q103067375
Cédric,Vial,http://www.wikidata.org/entity/Q62887964
Céline,Brulin,http://www.wikidata.org/entity/Q54578290
Brigitte,Devesa,http://www.wikidata.org/entity/Q63765386
Laurence,Garnier,http://www.wikidata.org/entity/Q63455902
Yan,Chantrel,http://www.wikidata.org/entity/Q108701472
Évelyne,Perrot,http://www.wikidata.org/entity/Q45956007
Pierre-Jean,Verzelen,http://www.wikidata.org/entity/Q63766731
Hussein,Bourgi,http://www.wikidata.org/entity/Q63411837
Olivier,Cigolotti,http://www.wikidata.org/entity/Q19607318
Olivier,Léonhardt,http://www.wikidata.org/entity/Q41073038
Mohamed,Lakhdari,http://www.wikidata.org/entity/Q19845792
Jacques,Desacres,http://www.wikidata.org/entity/Q3158718
Henri,Terré,http://www.wikidata.org/entity/Q3132061
Henri,Tournan,http://www.wikidata.org/entity/Q3132077
Henri,Torre,http://www.wikidata.org/entity/Q3132080
Henri,de Richemont,http://www.wikidata.org/entity/Q3132356
Marie,Longchambon,http://www.wikidata.org/entity/Q3131500
Guy,Besse,http://www.wikidata.org/entity/Q3121560
Guy,Durbec,http://www.wikidata.org/entity/Q3121753
Guy,Lemaire,http://www.wikidata.org/entity/Q3121946
Guy,Lèguevaques,http://www.wikidata.org/entity/Q3121967
Guy,Millot,http://www.wikidata.org/entity/Q3122016
Guy,Penne,http://www.wikidata.org/entity/Q3122061
Guy,Petit,http://www.wikidata.org/entity/Q3122078
Guy,Poirieux,http://www.wikidata.org/entity/Q3122082
Guy,Robert,http://www.wikidata.org/entity/Q3122105
Guy,Schmaus,http://www.wikidata.org/entity/Q3122136
Guy,Vissac,http://www.wikidata.org/entity/Q3122205
Guy,de La Verpillière,http://www.wikidata.org/entity/Q3122257
François,Calvet,http://www.wikidata.org/entity/Q3084176
François,Collet,http://www.wikidata.org/entity/Q3084296
François,Commeinhes,http://www.wikidata.org/entity/Q3084299
François,Delga,http://www.wikidata.org/entity/Q3084402
François,Duval,http://www.wikidata.org/entity/Q3084551
François,Fortassin,http://www.wikidata.org/entity/Q3084631
François,Gautier,http://www.wikidata.org/entity/Q3084697
François,Giacobbi,http://www.wikidata.org/entity/Q3084722
François,Grosdidier,http://www.wikidata.org/entity/Q3084783
François,Louisy,http://www.wikidata.org/entity/Q3085226
François,Marc,http://www.wikidata.org/entity/Q3085285
François,Mathieu,http://www.wikidata.org/entity/Q3085332
François,Minard,http://www.wikidata.org/entity/Q3085365
François,Patriat,http://www.wikidata.org/entity/Q3085525
François,Pillet,http://www.wikidata.org/entity/Q3085576
François,Prigent,http://www.wikidata.org/entity/Q3085612
François,Schleiter,http://www.wikidata.org/entity/Q3085812
François,Trucy,http://www.wikidata.org/entity/Q3085941
François,Zocchetto,http://www.wikidata.org/entity/Q3086080
François,Philippon,http://www.wikidata.org/entity/Q3121291
François,Longchambon,http://www.wikidata.org/entity/Q3131500
Françoise,Cartron,http://www.wikidata.org/entity/Q3086428
Françoise,Henneron,http://www.wikidata.org/entity/Q3086513
Françoise,Laborde,http://www.wikidata.org/entity/Q3086533
Françoise,Seligmann,http://www.wikidata.org/entity/Q3086604
Germain,Authié,http://www.wikidata.org/entity/Q3104086
Henri,Belcour,http://www.wikidata.org/entity/Q3130651
Henri,Claireaux,http://www.wikidata.org/entity/Q3130836
Henri,Collard,http://www.wikidata.org/entity/Q3130856
Henri,Collette,http://www.wikidata.org/entity/Q3130859
Henri,Desseigne,http://www.wikidata.org/entity/Q3130976
Henri,Duffaut,http://www.wikidata.org/entity/Q3131008
Henri,Fréville,http://www.wikidata.org/entity/Q3131134
Henri,Gallet,http://www.wikidata.org/entity/Q3131154
Henri,Le Breton,http://www.wikidata.org/entity/Q3131435
Henri,Longchambon,http://www.wikidata.org/entity/Q3131500
Henri,Moreau,http://www.wikidata.org/entity/Q3131676
Henri,Parisot,http://www.wikidata.org/entity/Q3131740
Henri,Paumelle,http://www.wikidata.org/entity/Q3131751
Henri,Portier,http://www.wikidata.org/entity/Q3131825
Henri,Prêtre,http://www.wikidata.org/entity/Q3131841
Henri,Revol,http://www.wikidata.org/entity/Q3131899
Henri,Tandonnet,http://www.wikidata.org/entity/Q3132054
Gilbert,Barbier,http://www.wikidata.org/entity/Q3105594
Gilbert,Belin,http://www.wikidata.org/entity/Q3105597
Gilbert,Chabroux,http://www.wikidata.org/entity/Q3105647
Gilbert,Devèze,http://www.wikidata.org/entity/Q3105685
Gilbert,Roger,http://www.wikidata.org/entity/Q3105844
Hector,Peschaud,http://www.wikidata.org/entity/Q3129272
Pierre,Philippon,http://www.wikidata.org/entity/Q3121291
Gabriel,Calmels,http://www.wikidata.org/entity/Q3093658
Gabriel,Montpied,http://www.wikidata.org/entity/Q3093885
Gabriel,Tellier,http://www.wikidata.org/entity/Q3093970
Gérard,Bailly,http://www.wikidata.org/entity/Q3123731
Gérard,Braun,http://www.wikidata.org/entity/Q3123794
Gérard,Claudel,http://www.wikidata.org/entity/Q3123848
Gérard,Cornu,http://www.wikidata.org/entity/Q3123859
Gérard,César,http://www.wikidata.org/entity/Q3123874
Gérard,Dériot,http://www.wikidata.org/entity/Q3123936
Gérard,Fayolle,http://www.wikidata.org/entity/Q3123950
Gérard,Gaud,http://www.wikidata.org/entity/Q3123978
Gérard,Le Cam,http://www.wikidata.org/entity/Q3124087
Gérard,Minvielle,http://www.wikidata.org/entity/Q3124180
Gérard,Miquel,http://www.wikidata.org/entity/Q3124185
Gérard,Roche,http://www.wikidata.org/entity/Q3124276
Georges,Bonnet,http://www.wikidata.org/entity/Q3102320
Georges,Boulanger,http://www.wikidata.org/entity/Q3102342
Georges,Constant,http://www.wikidata.org/entity/Q3102506
Georges,Constant,http://www.wikidata.org/entity/Q3102506
Georges,Dardel,http://www.wikidata.org/entity/Q3102550
Georges,Dayan,http://www.wikidata.org/entity/Q3102558
Georges,Ginoux,http://www.wikidata.org/entity/Q3102774
Georges,Labazée,http://www.wikidata.org/entity/Q3102984
Georges,Othily,http://www.wikidata.org/entity/Q3103289
Georges,Portmann,http://www.wikidata.org/entity/Q3103364
Georges,Rougeron,http://www.wikidata.org/entity/Q3103436
Georges,Treille,http://www.wikidata.org/entity/Q3103560
Félix,Desplan,http://www.wikidata.org/entity/Q3092430
Félix,Leyzour,http://www.wikidata.org/entity/Q3092507
Frédéric,Bourguet,http://www.wikidata.org/entity/Q3089655
Frédéric,Wirth,http://www.wikidata.org/entity/Q3090278
Gustave,Philippon,http://www.wikidata.org/entity/Q3121291
Gaëtan,Gorce,http://www.wikidata.org/entity/Q3099918
Gaston,Pams,http://www.wikidata.org/entity/Q3099109
Geneviève,Le Bellegou-Béguin,http://www.wikidata.org/entity/Q3100668
Frédérique,Espagnac,http://www.wikidata.org/entity/Q3090373
Gélita,Hoarau,http://www.wikidata.org/entity/Q3122917
Claudine,Kauffmann,http://www.wikidata.org/entity/Q41520860
Jean-Jacques,Mirassou,http://www.wikidata.org/entity/Q3166355
Jacqueline,Alduy,http://www.wikidata.org/entity/Q3157664
Jacqueline,Alquier,http://www.wikidata.org/entity/Q3157667
Jacqueline,Fraysse,http://www.wikidata.org/entity/Q3157725
Jacqueline,Gourault,http://www.wikidata.org/entity/Q3157735
Jacqueline,Panis,http://www.wikidata.org/entity/Q3157779
James,Bordas,http://www.wikidata.org/entity/Q3160949
James,Marson,http://www.wikidata.org/entity/Q3161257
Jean-Jacques,Filleul,http://www.wikidata.org/entity/Q3166254
Jean-Jacques,Hyest,http://www.wikidata.org/entity/Q3166300
Jean-Jacques,Jégou,http://www.wikidata.org/entity/Q3166308
Jean-Jacques,Lasserre,http://www.wikidata.org/entity/Q3166328
Jean-Jacques,Lozac'h,http://www.wikidata.org/entity/Q3166338
Ivan,Renar,http://www.wikidata.org/entity/Q3156174
Jacques,Baudot,http://www.wikidata.org/entity/Q3158204
Jacques,Bellanger,http://www.wikidata.org/entity/Q3158230
Jacques,Berthou,http://www.wikidata.org/entity/Q3158263
Jacques,Bigot,http://www.wikidata.org/entity/Q3158284
Jacques,Blanc,http://www.wikidata.org/entity/Q3158295
Jacques,Boisrond,http://www.wikidata.org/entity/Q3158311
Jacques,Braconnier,http://www.wikidata.org/entity/Q3158385
Jacques,Bérard,http://www.wikidata.org/entity/Q3158444
Jacques,Chaumont,http://www.wikidata.org/entity/Q3158522
Jacques,Chiron,http://www.wikidata.org/entity/Q3158540
Jacques,Cornano,http://www.wikidata.org/entity/Q3158569
Jacques,Coudert,http://www.wikidata.org/entity/Q3158584
Jacques,Descours,http://www.wikidata.org/entity/Q3158718
Jacques,Dominati,http://www.wikidata.org/entity/Q3158751
Jacques,Donnay,http://www.wikidata.org/entity/Q3158754
Jacques,Durand,http://www.wikidata.org/entity/Q3158821
Jacques,Eberhard,http://www.wikidata.org/entity/Q3158838
Jacques,Faggianelli,http://www.wikidata.org/entity/Q3158866
Jacques,Gautier,http://www.wikidata.org/entity/Q3158984
Jacques,Genton,http://www.wikidata.org/entity/Q3158990
Jacques,Gillot,http://www.wikidata.org/entity/Q3158995
Jacques,Grandon,http://www.wikidata.org/entity/Q3159022
Jacques,Grosperrin,http://www.wikidata.org/entity/Q3159042
Jacques,Habert,http://www.wikidata.org/entity/Q3159073
Jacques,Le Nay,http://www.wikidata.org/entity/Q3159317
Jacques,Legendre,http://www.wikidata.org/entity/Q3159355
Jacques,Machet,http://www.wikidata.org/entity/Q3159452
Jacques,Mahéas,http://www.wikidata.org/entity/Q3159460
Jacques,Marette,http://www.wikidata.org/entity/Q3159489
Jacques,Maury,http://www.wikidata.org/entity/Q3159534
Jacques,Mossion,http://www.wikidata.org/entity/Q3159610
Jacques,Moulinier,http://www.wikidata.org/entity/Q3159613
Jacques,Muller,http://www.wikidata.org/entity/Q3159623
Jacques,Ménard,http://www.wikidata.org/entity/Q3159633
Jacques,Oudin,http://www.wikidata.org/entity/Q3159696
Jacques,Pelletier,http://www.wikidata.org/entity/Q3159731
Jacques,Piot,http://www.wikidata.org/entity/Q3159773
Jacques,Richard,http://www.wikidata.org/entity/Q3159871
Jacques,Rocca,http://www.wikidata.org/entity/Q3159893
Jacques,Serra,http://www.wikidata.org/entity/Q3159893
Jacques,Sanglier,http://www.wikidata.org/entity/Q3159966
Jacques,Sourdille,http://www.wikidata.org/entity/Q3160025
Jacques,Toutain,http://www.wikidata.org/entity/Q3160101
Jacques,Valade,http://www.wikidata.org/entity/Q3160121
Jacques,Vassor,http://www.wikidata.org/entity/Q3160141
Jacques,Verneuil,http://www.wikidata.org/entity/Q3160160
Jacques,de Menou,http://www.wikidata.org/entity/Q3160316
Henry,Loste,http://www.wikidata.org/entity/Q3132919
Jack,Ralite,http://www.wikidata.org/entity/Q3157296
Jean-Baptiste,Dufeu,http://www.wikidata.org/entity/Q3164041
Jean-Baptiste,Mathias,http://www.wikidata.org/entity/Q3164272
Henri,de Raincourt,http://www.wikidata.org/entity/Q3132361
Henri,Loste,http://www.wikidata.org/entity/Q3132919
Jean-Claude,Boulard,http://www.wikidata.org/entity/Q3164858
Jean-Claude,Carle,http://www.wikidata.org/entity/Q3164888
Jean-Claude,Danglot,http://www.wikidata.org/entity/Q3164926
Jean-Claude,Frécon,http://www.wikidata.org/entity/Q3164977
Jean-Claude,Lenoir,http://www.wikidata.org/entity/Q3165074
Jean-Claude,Lenoir,http://www.wikidata.org/entity/Q3165074
Jean-Claude,Luche,http://www.wikidata.org/entity/Q3165082
Jean-Claude,Peyronnet,http://www.wikidata.org/entity/Q3165170
Jean-Claude,Requier,http://www.wikidata.org/entity/Q3165189
Jean-Claude,Étienne,http://www.wikidata.org/entity/Q3165278
Jean-Claude,Boulard,http://www.wikidata.org/entity/Q3164858
Jean-Claude,Carle,http://www.wikidata.org/entity/Q3164888
Jean-Claude,Danglot,http://www.wikidata.org/entity/Q3164926
Jean-Claude,Frécon,http://www.wikidata.org/entity/Q3164977
Jean-Claude,Lenoir,http://www.wikidata.org/entity/Q3165074
Jean-Claude,Lenoir,http://www.wikidata.org/entity/Q3165074
Jean-Claude,Luche,http://www.wikidata.org/entity/Q3165082
Jean-Claude,Peyronnet,http://www.wikidata.org/entity/Q3165170
Jean-Claude,Requier,http://www.wikidata.org/entity/Q3165189
Jean-Claude,Étienne,http://www.wikidata.org/entity/Q3165278
Jean-François,Humbert,http://www.wikidata.org/entity/Q3165671
Jean-François,Le Grand,http://www.wikidata.org/entity/Q3165731
Jean-François,Pintat,http://www.wikidata.org/entity/Q3165826
Isabelle,Pasquet,http://www.wikidata.org/entity/Q3155005
Hélène,Conway,http://www.wikidata.org/entity/Q3144735
Hélène,Mouret,http://www.wikidata.org/entity/Q3144735
Hélène,Édeline,http://www.wikidata.org/entity/Q3144759
Hélène,Lipietz,http://www.wikidata.org/entity/Q3144806
Hélène,Luc,http://www.wikidata.org/entity/Q3144808
Hélène,Missoffe,http://www.wikidata.org/entity/Q3144821
Hubert,Durand,http://www.wikidata.org/entity/Q3141995
Hubert,Durand,http://www.wikidata.org/entity/Q3141997
Hubert,Chastel,http://www.wikidata.org/entity/Q3141997
Hilarion,Vendégou,http://www.wikidata.org/entity/Q3135560
Hugues,Portelli,http://www.wikidata.org/entity/Q3142662
Jackie,Pierre,http://www.wikidata.org/entity/Q3157403
Hervé,Marseille,http://www.wikidata.org/entity/Q3134586
Hervé,Maurey,http://www.wikidata.org/entity/Q3134596
Janine,Bardou,http://www.wikidata.org/entity/Q3161979
Hilaire,Flandre,http://www.wikidata.org/entity/Q3135521
Honoré,Bailet,http://www.wikidata.org/entity/Q3140204
Hermeline,Malherbe,http://www.wikidata.org/entity/Q3134205
Jacques-Bernard,Magner,http://www.wikidata.org/entity/Q3157890
Abdelkrim,Sadi,http://www.wikidata.org/entity/Q19845808
Nadège,Lefebvre,http://www.wikidata.org/entity/Q40954397
Pascal,Martin,http://www.wikidata.org/entity/Q19956565
Loïc,Hervé,http://www.wikidata.org/entity/Q18744821
Marie,Mercier,http://www.wikidata.org/entity/Q20083724
Muriel,Jourda,http://www.wikidata.org/entity/Q41227162
Jacques,Genest,http://www.wikidata.org/entity/Q18202615
Jacques,Moutet,http://www.wikidata.org/entity/Q19845801
Jacques,Rosselli,http://www.wikidata.org/entity/Q19845807
Xavier,Iacovelli,http://www.wikidata.org/entity/Q40954423
François,Bonhomme,http://www.wikidata.org/entity/Q18202577
Denise,Saint-Pé,http://www.wikidata.org/entity/Q41187776
Patricia,Richaud,http://www.wikidata.org/entity/Q18681585
Patricia,Morhet,http://www.wikidata.org/entity/Q18681585
Françoise,Gatel,http://www.wikidata.org/entity/Q18202579
Sébastien,Meurant,http://www.wikidata.org/entity/Q40973813
Fernand,Male,http://www.wikidata.org/entity/Q19845795
Maurice,Walker,http://www.wikidata.org/entity/Q19845811
Maurice,Martin,http://www.wikidata.org/entity/Q19956565
Henri,Elby,http://www.wikidata.org/entity/Q21486115
Lana,Tetuanui,http://www.wikidata.org/entity/Q19887794
Maryse,Carrère,http://www.wikidata.org/entity/Q40871238
Christine,Lavarde,http://www.wikidata.org/entity/Q41055355
Christine,Herzog,http://www.wikidata.org/entity/Q41253801
Christine,Herzog,http://www.wikidata.org/entity/Q41253801
Pierre,Lefebvre,http://www.wikidata.org/entity/Q23057013
Pierre,Cuypers,http://www.wikidata.org/entity/Q27949568
Pierre,Louault,http://www.wikidata.org/entity/Q40910532
Catherine,Fournier,http://www.wikidata.org/entity/Q40950154
René,Danesi,http://www.wikidata.org/entity/Q18202585
René,Montaldo,http://www.wikidata.org/entity/Q19845800
Julien,Bargeton,http://www.wikidata.org/entity/Q40895865
Alain,Duran,http://www.wikidata.org/entity/Q18202625
Charles,Aubry,http://www.wikidata.org/entity/Q20027649
Jean-Claude,Tissot,http://www.wikidata.org/entity/Q41246319
Jean-Claude,Tissot,http://www.wikidata.org/entity/Q41246319
Jean-François,Rapin,http://www.wikidata.org/entity/Q22252744
Stéphane,Piednoir,http://www.wikidata.org/entity/Q41246286
Paul,Favre,http://www.wikidata.org/entity/Q19845786
Gabriel,Burgat,http://www.wikidata.org/entity/Q19845783
Isabelle,Raimond-Pavero,http://www.wikidata.org/entity/Q40905122
Jean-Pierre,Vogel,http://www.wikidata.org/entity/Q18202580
Jean-Pierre,Corbisez,http://www.wikidata.org/entity/Q41069984
Jean-Yves,Roux,http://www.wikidata.org/entity/Q18202576
Jean,Sol,http://www.wikidata.org/entity/Q40896414
Manuel,Ferre,http://www.wikidata.org/entity/Q19845787
Nadia,Sollogoub,http://www.wikidata.org/entity/Q41374046
Daniel,Gremillet,http://www.wikidata.org/entity/Q18202569
Michel,Forissier,http://www.wikidata.org/entity/Q18202583
Michel,Dennemont,http://www.wikidata.org/entity/Q40885959
Bernard,Delcros,http://www.wikidata.org/entity/Q20962459
Nicole,Duranton,http://www.wikidata.org/entity/Q18202594
Michelle,Gréaume,http://www.wikidata.org/entity/Q41099340
Fabien,Gay,http://www.wikidata.org/entity/Q41099326
Corinne,Féret,http://www.wikidata.org/entity/Q20082373
Corinne,Féret,http://www.wikidata.org/entity/Q20082373
Nathalie,Delattre,http://www.wikidata.org/entity/Q41487488
Olivier,Paccaud,http://www.wikidata.org/entity/Q41230511
Olivier,Jacquin,http://www.wikidata.org/entity/Q41250063
Max,Brisson,http://www.wikidata.org/entity/Q38285283
Mathieu,Darnaud,http://www.wikidata.org/entity/Q19628703
Véronique,Guillotin,http://www.wikidata.org/entity/Q41250027
Claude,Kern,http://www.wikidata.org/entity/Q18215030
Claude,Dumont,http://www.wikidata.org/entity/Q19629549
Didier,Mandelli,http://www.wikidata.org/entity/Q18202593
Didier,Rambaud,http://www.wikidata.org/entity/Q38614238
Christian,Manable,http://www.wikidata.org/entity/Q18215234
Christian,Martin,http://www.wikidata.org/entity/Q19956565
Patrick,Abate,http://www.wikidata.org/entity/Q18578172
Patrick,Masclet,http://www.wikidata.org/entity/Q19826679
Jean-Louis,Lagourgue,http://www.wikidata.org/entity/Q40915163
Martine,Filleul,http://www.wikidata.org/entity/Q41067415
Martine,Berthet,http://www.wikidata.org/entity/Q41072238
Anne-Marie,Bertrand,http://www.wikidata.org/entity/Q41068005
Élisabeth,Doineau,http://www.wikidata.org/entity/Q18214565
Élisabeth,Doineau,http://www.wikidata.org/entity/Q18214565
Cédric,Perrin,http://www.wikidata.org/entity/Q18214310
Gisèle,Jourda,http://www.wikidata.org/entity/Q18202624
Jérôme,Bascher,http://www.wikidata.org/entity/Q33186015
Etienne,Gay,http://www.wikidata.org/entity/Q19845788
Guillaume,Gontard,http://www.wikidata.org/entity/Q40914766
Viviane,Malet,http://www.wikidata.org/entity/Q40884801
Victoire,Jasmin,http://www.wikidata.org/entity/Q41013798
Jean-Raymond,Hugonet,http://www.wikidata.org/entity/Q40914187
Pascale,Bories,http://www.wikidata.org/entity/Q41398289
Jocelyne,Guidez,http://www.wikidata.org/entity/Q41073013
Al,Cheikh,http://www.wikidata.org/entity/Q20027617
Agnès,Canayer,http://www.wikidata.org/entity/Q18202568
Mohamed,Belabed,http://www.wikidata.org/entity/Q19845771
Mohamed,Megdoud,http://www.wikidata.org/entity/Q19845797
Mohamed,Mokrane,http://www.wikidata.org/entity/Q19845799
Mohamed,Abdellatif,http://www.wikidata.org/entity/Q20027752
Léopold,Morel,http://www.wikidata.org/entity/Q19358783
Léopold,Morel,http://www.wikidata.org/entity/Q19358783
Stéphanie,Riocreux,http://www.wikidata.org/entity/Q19845565
Frédérique,Puissat,http://www.wikidata.org/entity/Q40919469
Marie-Christine,Chauvin,http://www.wikidata.org/entity/Q41187755
Évelyne,Yonnet,http://www.wikidata.org/entity/Q19628627
Évelyne,Rivollier,http://www.wikidata.org/entity/Q27990079
Évelyne,Renaud,http://www.wikidata.org/entity/Q41018380
Vivette,Lopez,http://www.wikidata.org/entity/Q18202588
Sliman,Belhabich,http://www.wikidata.org/entity/Q19845772
Jean-Pierre,Cantegrit,http://www.wikidata.org/entity/Q3169106
Jean-Pierre,Demerliat,http://www.wikidata.org/entity/Q3169200
Jean-Noël,Cardoux,http://www.wikidata.org/entity/Q3168236
Josy,Moinet,http://www.wikidata.org/entity/Q3186125
Joseph,Clerc,http://www.wikidata.org/entity/Q3171341
Joseph,Beaujannot,http://www.wikidata.org/entity/Q3184581
Joseph,Kergueris,http://www.wikidata.org/entity/Q3185162
Joseph,Ostermann,http://www.wikidata.org/entity/Q3185435
Joseph,Raybaud,http://www.wikidata.org/entity/Q3185547
Joseph,Yvon,http://www.wikidata.org/entity/Q3185801
Jean-Jacques,Panunzi,http://www.wikidata.org/entity/Q3166376
Jean-Jacques,Perron,http://www.wikidata.org/entity/Q3166380
Jean-Jacques,Pignard,http://www.wikidata.org/entity/Q3166383
Jean-Jacques,Robert,http://www.wikidata.org/entity/Q3166393
Jean-Luc,Fichet,http://www.wikidata.org/entity/Q3167146
Jean-Marie,Poirier,http://www.wikidata.org/entity/Q3167778
Jean-Marie,Rausch,http://www.wikidata.org/entity/Q3167797
Jean-Marie,Rausch,http://www.wikidata.org/entity/Q3167797
Jean-Marie,Vanlerenberghe,http://www.wikidata.org/entity/Q3167857
Jean-Marie,Bailly,http://www.wikidata.org/entity/Q3170502
Jean-Patrick,Courtois,http://www.wikidata.org/entity/Q3168316
Josette,Durrieu,http://www.wikidata.org/entity/Q3185933
Jean-Pierre,Bansard,http://www.wikidata.org/entity/Q3168968
Jean-Pierre,Bayle,http://www.wikidata.org/entity/Q3168987
Jean-Pierre,Blanc,http://www.wikidata.org/entity/Q3169018
Jean-Pierre,Blanchet,http://www.wikidata.org/entity/Q3169025
Jean-Pierre,Caffet,http://www.wikidata.org/entity/Q3169094
Jean-Pierre,Camoin,http://www.wikidata.org/entity/Q3169101
Jean-Pierre,Chauveau,http://www.wikidata.org/entity/Q3169128
Jean-Pierre,Godefroy,http://www.wikidata.org/entity/Q3169352
Jean-Pierre,Grand,http://www.wikidata.org/entity/Q3169366
Jean-Pierre,Lafond,http://www.wikidata.org/entity/Q3169456
Jean-Pierre,Leleux,http://www.wikidata.org/entity/Q3169500
Jean-Pierre,Masseret,http://www.wikidata.org/entity/Q3169556
Jean-Pierre,Michel,http://www.wikidata.org/entity/Q3169573
Jean-Pierre,Schosteck,http://www.wikidata.org/entity/Q3169756
Jean-Pierre,Sueur,http://www.wikidata.org/entity/Q3169778
Jean-René,Lecerf,http://www.wikidata.org/entity/Q3169919
Jean-Yves,Autexier,http://www.wikidata.org/entity/Q3170096
Jean-Yves,Leconte,http://www.wikidata.org/entity/Q3170172
Jean-Yves,Mano,http://www.wikidata.org/entity/Q3170180
Jean-Étienne,Antoinette,http://www.wikidata.org/entity/Q3170254
Jean,Bardol,http://www.wikidata.org/entity/Q3170599
Jean,Barras,http://www.wikidata.org/entity/Q3170607
Jean,Bernard,http://www.wikidata.org/entity/Q3170718
Jean,Boyer,http://www.wikidata.org/entity/Q3170965
Jean,Boyer,http://www.wikidata.org/entity/Q3170967
Jean,Béranger,http://www.wikidata.org/entity/Q3171063
Jean,Chamant,http://www.wikidata.org/entity/Q3171209
Jean,Chérioux,http://www.wikidata.org/entity/Q3171317
Jean,Clerc,http://www.wikidata.org/entity/Q3171341
Jean,Clouet,http://www.wikidata.org/entity/Q3171348
Jean,Colin,http://www.wikidata.org/entity/Q3171373
Jean,David,http://www.wikidata.org/entity/Q3171583
Jean,Delaneau,http://www.wikidata.org/entity/Q3171628
Jean,Desmarets,http://www.wikidata.org/entity/Q3171715
Jean,Dumont,http://www.wikidata.org/entity/Q3171860
Jean,Faure,http://www.wikidata.org/entity/Q3171987
Jean,Fleury,http://www.wikidata.org/entity/Q3172027
Jean,Ganeval,http://www.wikidata.org/entity/Q3172209
Jean,García,http://www.wikidata.org/entity/Q3172217
Jean,Geoffroy,http://www.wikidata.org/entity/Q3172268
Jean,Germain,http://www.wikidata.org/entity/Q3172289
Jean,Gravier,http://www.wikidata.org/entity/Q3172380
Jean,Huchon,http://www.wikidata.org/entity/Q3172567
Jean,Lacaze,http://www.wikidata.org/entity/Q3172928
Jean,Legaret,http://www.wikidata.org/entity/Q3173146
Jean,Mercier,http://www.wikidata.org/entity/Q3173489
Jean,Milhau,http://www.wikidata.org/entity/Q3173531
Jean,Natali,http://www.wikidata.org/entity/Q3173678
Jean,Nayrou,http://www.wikidata.org/entity/Q3173681
Jean,Nègre,http://www.wikidata.org/entity/Q3173754
Jean,Pourchet,http://www.wikidata.org/entity/Q3174104
Jean,Proriol,http://www.wikidata.org/entity/Q3174126
Jean,Puech,http://www.wikidata.org/entity/Q3174139
Jean,Pépin,http://www.wikidata.org/entity/Q3174163
Jean,Roger,http://www.wikidata.org/entity/Q3174388
Jean,Simonin,http://www.wikidata.org/entity/Q3174645
Jean,Varlet,http://www.wikidata.org/entity/Q3174971
Jean,de Bagneux,http://www.wikidata.org/entity/Q3175244
Jean-Philippe,Lachenaud,http://www.wikidata.org/entity/Q3168817
Jean-Paul,Amoudry,http://www.wikidata.org/entity/Q3168336
Jean-Paul,Delevoye,http://www.wikidata.org/entity/Q3168448
Jean-Paul,Hammann,http://www.wikidata.org/entity/Q3168520
Jean-Paul,Hugot,http://www.wikidata.org/entity/Q3168531
Jean-Paul,Virapoullé,http://www.wikidata.org/entity/Q3168709
Jean-Paul,de Rocca Serra,http://www.wikidata.org/entity/Q3168726
Jean-Noël,Guérini,http://www.wikidata.org/entity/Q3168248
Jean-Louis,Carrère,http://www.wikidata.org/entity/Q3166690
Jean-Louis,Fournier,http://www.wikidata.org/entity/Q3166768
Jean-Louis,Lorrain,http://www.wikidata.org/entity/Q3166865
Jean-Louis,Tourenne,http://www.wikidata.org/entity/Q3167000
Jean-Louis,Vigier,http://www.wikidata.org/entity/Q3167020
Jean-Louis,Masson,http://www.wikidata.org/entity/Q3173270
Jean-Marc,Boyer,http://www.wikidata.org/entity/Q3167339
Jean-Marc,Pastor,http://www.wikidata.org/entity/Q3167458
Jean-Marc,Pastor,http://www.wikidata.org/entity/Q3167458
Jean-Marc,Pastor,http://www.wikidata.org/entity/Q3167458
Jean-Marc,Todeschini,http://www.wikidata.org/entity/Q3167502
Jean-Léonce,Dupont,http://www.wikidata.org/entity/Q3167301
Jean-Vincent,Placé,http://www.wikidata.org/entity/Q3170082
Jean-Éric,Bousch,http://www.wikidata.org/entity/Q3170245
Jeanny,Lorgeoux,http://www.wikidata.org/entity/Q3176304
Said,Jaffar,http://www.wikidata.org/entity/Q3173401
Louis,Thioléron,http://www.wikidata.org/entity/Q3263174
Marcel,Guislain,http://www.wikidata.org/entity/Q3289012
Marius,Moutet,http://www.wikidata.org/entity/Q3293837
Marie,Gournay,http://www.wikidata.org/entity/Q3291766
Jules,Faigt,http://www.wikidata.org/entity/Q3188572
Jules,Fil,http://www.wikidata.org/entity/Q3188578
Jules,Pinsard,http://www.wikidata.org/entity/Q3188848
Jules,Roujon,http://www.wikidata.org/entity/Q3188897
Joël,Billard,http://www.wikidata.org/entity/Q3187362
Joël,Guerriau,http://www.wikidata.org/entity/Q3187409
Joël,Labbé,http://www.wikidata.org/entity/Q3187426
Louis,André,http://www.wikidata.org/entity/Q3261045
Louis,Boyer,http://www.wikidata.org/entity/Q3261342
Louis,Brives,http://www.wikidata.org/entity/Q3261363
Louis,Gros,http://www.wikidata.org/entity/Q3262090
Louis,Guillou,http://www.wikidata.org/entity/Q3262114
Louis,Lazuech,http://www.wikidata.org/entity/Q3262454
Louis,Le Montagner,http://www.wikidata.org/entity/Q3262479
Louis,Leygue,http://www.wikidata.org/entity/Q3262538
Louis,Longequeue,http://www.wikidata.org/entity/Q3262549
Louis,Martin,http://www.wikidata.org/entity/Q3262650
Louis,Mercier,http://www.wikidata.org/entity/Q3262684
Louis,Orvoën,http://www.wikidata.org/entity/Q3262827
Louis,Roy,http://www.wikidata.org/entity/Q3263059
Louis,Talamoni,http://www.wikidata.org/entity/Q3263155
Louis,de Broissia,http://www.wikidata.org/entity/Q3263401
Louis,de La Forest,http://www.wikidata.org/entity/Q3263494
Marie-Françoise,Pérol-Dumont,http://www.wikidata.org/entity/Q3291832
Marcel,Cléach,http://www.wikidata.org/entity/Q3288602
Marcel,Audy,http://www.wikidata.org/entity/Q3288624
Marcel,Bertrand,http://www.wikidata.org/entity/Q3288669
Marcel,Bony,http://www.wikidata.org/entity/Q3288704
Marcel,Boulangé,http://www.wikidata.org/entity/Q3288712
Marcel,Brégégère,http://www.wikidata.org/entity/Q3288739
Marcel,Champeix,http://www.wikidata.org/entity/Q3288785
Marcel,Charmant,http://www.wikidata.org/entity/Q3288791
Marcel,Debarge,http://www.wikidata.org/entity/Q3288851
Marcel,Fortier,http://www.wikidata.org/entity/Q3288951
Marcel,Gargar,http://www.wikidata.org/entity/Q3288972
Marcel,Henry,http://www.wikidata.org/entity/Q3289029
Marcel,Lambert,http://www.wikidata.org/entity/Q3289098
Marcel,Lebreton,http://www.wikidata.org/entity/Q3289118
Marcel,Lemaire,http://www.wikidata.org/entity/Q3289134
Marcel,Lucotte,http://www.wikidata.org/entity/Q3289176
Marcel,Martin,http://www.wikidata.org/entity/Q3289206
Marcel,Rosette,http://www.wikidata.org/entity/Q3289351
Marcel,Souquet,http://www.wikidata.org/entity/Q3289411
Marcel,Vidal,http://www.wikidata.org/entity/Q3289473
Marcel,Wacheux,http://www.wikidata.org/entity/Q3289479
Joëlle,Dusseau,http://www.wikidata.org/entity/Q3187491
Marie-Agnès,Labarre,http://www.wikidata.org/entity/Q3291443
Marie-Claude,Beaudeau,http://www.wikidata.org/entity/Q3291699
Lionel,de Tinguy du Pouët,http://www.wikidata.org/entity/Q3241971
Karine,Claireaux,http://www.wikidata.org/entity/Q3193276
Luc,Carvounas,http://www.wikidata.org/entity/Q3264768
Philippe,Marini,http://www.wikidata.org/entity/Q3246602
Lucien,Bernier,http://www.wikidata.org/entity/Q3265371
Lucien,Delmas,http://www.wikidata.org/entity/Q3265467
Lucien,Gautier,http://www.wikidata.org/entity/Q3265521
Lucien,Grand,http://www.wikidata.org/entity/Q3265526
Lucien,Junillon,http://www.wikidata.org/entity/Q3265569
Lucien,Lanier,http://www.wikidata.org/entity/Q3265585
Lucien,Neuwirth,http://www.wikidata.org/entity/Q3265654
Lucien,Neuwirth,http://www.wikidata.org/entity/Q3265654
Lucien,Neuwirth,http://www.wikidata.org/entity/Q3265654
Lucien,Perdereau,http://www.wikidata.org/entity/Q3265669
Lucien,de Montigny,http://www.wikidata.org/entity/Q3265753
Marie-Madeleine,Dieulangard,http://www.wikidata.org/entity/Q3292114
Laurent,Béteille,http://www.wikidata.org/entity/Q3219088
Marc,Bœuf,http://www.wikidata.org/entity/Q3287819
Marc,Bécam,http://www.wikidata.org/entity/Q3287865
Marc,Castex,http://www.wikidata.org/entity/Q3287883
Marc,Daunis,http://www.wikidata.org/entity/Q3287925
Marc,Jacquet,http://www.wikidata.org/entity/Q3288128
Marc,Lauriol,http://www.wikidata.org/entity/Q3288176
Marc,Massion,http://www.wikidata.org/entity/Q3288247
Marc,Pauzet,http://www.wikidata.org/entity/Q3288307
Léon,Jozeau-Marigné,http://www.wikidata.org/entity/Q3271094
Léon,de Narbonne,http://www.wikidata.org/entity/Q3271214
Léon,Motais,http://www.wikidata.org/entity/Q3271214
Louis-Ferdinand,Serra,http://www.wikidata.org/entity/Q3260473
Louis-Ferdinand,de Rocca,http://www.wikidata.org/entity/Q3260473
Jérôme,Bignon,http://www.wikidata.org/entity/Q3190819
Marie-Thérèse,Bruguière,http://www.wikidata.org/entity/Q3292256
Marie-Thérèse,Goutmann,http://www.wikidata.org/entity/Q3292260
Laurence,Rossignol,http://www.wikidata.org/entity/Q3218932
Laurence,Cohen,http://www.wikidata.org/entity/Q3218873
Laurence,Rossignol,http://www.wikidata.org/entity/Q3218932
Marceau,Hamecher,http://www.wikidata.org/entity/Q3288578
Lucette,Michaux-Chevry,http://www.wikidata.org/entity/Q3265133
Marie-Hélène,Cardot,http://www.wikidata.org/entity/Q3291866
Marie-Hélène,des Esgaulx,http://www.wikidata.org/entity/Q3291909
Léopold,Héder,http://www.wikidata.org/entity/Q3271821
Ladislas,Poniatowski,http://www.wikidata.org/entity/Q3215951
Ladislas,du Luart,http://www.wikidata.org/entity/Q3215953
Lucienne,Malovry,http://www.wikidata.org/entity/Q3265775
Lylian,Payet,http://www.wikidata.org/entity/Q3269449
Léon-Jean,Grégory,http://www.wikidata.org/entity/Q3270627
Marie-Annick,Duchêne,http://www.wikidata.org/entity/Q3291533
Marie-France,Beaufils,http://www.wikidata.org/entity/Q3291780
Marie-Pierre,de La Gontrie,http://www.wikidata.org/entity/Q3292221
Magdeleine,Anglade,http://www.wikidata.org/entity/Q3276700
Monique,ben Guiga,http://www.wikidata.org/entity/Q3320818
Michel,Moreigne,http://www.wikidata.org/entity/Q3310382
Paul,Malassagne,http://www.wikidata.org/entity/Q3371753
Paul,Massa,http://www.wikidata.org/entity/Q3371799
Paul,Masson,http://www.wikidata.org/entity/Q3371800
Joseph,Capelle,http://www.wikidata.org/entity/Q3351994
François,Chevallier,http://www.wikidata.org/entity/Q3370860
Patricia,Schillinger,http://www.wikidata.org/entity/Q3369152
Maurice,Arreckx,http://www.wikidata.org/entity/Q3300337
Maurice,Bayrou,http://www.wikidata.org/entity/Q3300384
Maurice,Carrier,http://www.wikidata.org/entity/Q3300529
Maurice,Charretier,http://www.wikidata.org/entity/Q3300553
Maurice,Charpentier,http://www.wikidata.org/entity/Q3300555
Maurice,Coutrot,http://www.wikidata.org/entity/Q3300605
Maurice,Faure,http://www.wikidata.org/entity/Q3300775
Maurice,Janetti,http://www.wikidata.org/entity/Q3300946
Maurice,Lombard,http://www.wikidata.org/entity/Q3301080
Maurice,Pic,http://www.wikidata.org/entity/Q3301260
Maurice,Prévoteau,http://www.wikidata.org/entity/Q3301295
Maurice,Ulrich,http://www.wikidata.org/entity/Q3301474
Maurice,Vincent,http://www.wikidata.org/entity/Q3301504
Monique,Cerisier,http://www.wikidata.org/entity/Q3320818
Monique,Midy,http://www.wikidata.org/entity/Q3320883
Monique,Papon,http://www.wikidata.org/entity/Q3320908
Maryse,Lavigne,http://www.wikidata.org/entity/Q3296316
Maryse,Bergé,http://www.wikidata.org/entity/Q3296316
Maryse,Roger-Coupin,http://www.wikidata.org/entity/Q3296348
Nelly,Rodi,http://www.wikidata.org/entity/Q3337931
Natacha,Bouchart,http://www.wikidata.org/entity/Q3336315
Odette,Duriez,http://www.wikidata.org/entity/Q3349187
Odette,Herviaux,http://www.wikidata.org/entity/Q3349189
Odette,Pagani,http://www.wikidata.org/entity/Q3349193
Odette,Terrade,http://www.wikidata.org/entity/Q3349217
Louis,Capelle,http://www.wikidata.org/entity/Q3351994
Alfred,Isautier,http://www.wikidata.org/entity/Q3370229
Paul,Alduy,http://www.wikidata.org/entity/Q3370440
Paul,Baratgin,http://www.wikidata.org/entity/Q3370558
Paul,Blanc,http://www.wikidata.org/entity/Q3370659
Paul,Bénard,http://www.wikidata.org/entity/Q3370775
Paul,Caron,http://www.wikidata.org/entity/Q3370812
Paul,Chevallier,http://www.wikidata.org/entity/Q3370860
Paul,Driant,http://www.wikidata.org/entity/Q3371104
Paul,Dubrule,http://www.wikidata.org/entity/Q3371111
Paul,Graziani,http://www.wikidata.org/entity/Q3371361
Paul,Guillard,http://www.wikidata.org/entity/Q3371390
Paul,Guillaumot,http://www.wikidata.org/entity/Q3371396
Paul,Jargot,http://www.wikidata.org/entity/Q3371516
Paul,Kauss,http://www.wikidata.org/entity/Q3371566
Paul,Lévêque,http://www.wikidata.org/entity/Q3371738
Nicolas,About,http://www.wikidata.org/entity/Q3340014
Nicolas,Alfonsi,http://www.wikidata.org/entity/Q3340026
Mireille,Oudit,http://www.wikidata.org/entity/Q3316003
Mireille,Schurch,http://www.wikidata.org/entity/Q3316015
Patrice,Joly,http://www.wikidata.org/entity/Q3368960
Michel,Berson,http://www.wikidata.org/entity/Q3309003
Michel,Billout,http://www.wikidata.org/entity/Q3309021
Michel,Boutant,http://www.wikidata.org/entity/Q3309092
Michel,Bouvard,http://www.wikidata.org/entity/Q3309098
Michel,Bécot,http://www.wikidata.org/entity/Q3309141
Michel,Charasse,http://www.wikidata.org/entity/Q3309244
Michel,Crucis,http://www.wikidata.org/entity/Q3309350
Michel,Doublet,http://www.wikidata.org/entity/Q3309504
Michel,Dreyfus-Schmidt,http://www.wikidata.org/entity/Q3309506
Michel,Duffour,http://www.wikidata.org/entity/Q3309522
Michel,Fontaine,http://www.wikidata.org/entity/Q3309639
Michel,Fontaine,http://www.wikidata.org/entity/Q3309639
Michel,Kauffmann,http://www.wikidata.org/entity/Q3310018
Michel,Kistler,http://www.wikidata.org/entity/Q3310030
Michel,Labéguerie,http://www.wikidata.org/entity/Q3310053
Michel,Laugier,http://www.wikidata.org/entity/Q3310109
Michel,Manet,http://www.wikidata.org/entity/Q3310273
Michel,Maurice-Bokanowski,http://www.wikidata.org/entity/Q3310322
Michel,Miroudot,http://www.wikidata.org/entity/Q3310356
Michel,Pelchat,http://www.wikidata.org/entity/Q3310540
Michel,Poniatowski,http://www.wikidata.org/entity/Q3310623
Michel,Raison,http://www.wikidata.org/entity/Q3310658
Michel,Rufin,http://www.wikidata.org/entity/Q3310792
Michel,Savin,http://www.wikidata.org/entity/Q3310830
Michel,Savin,http://www.wikidata.org/entity/Q3310830
Michel,Sergent,http://www.wikidata.org/entity/Q3310857
Michel,Souplet,http://www.wikidata.org/entity/Q3310890
Michel,Teston,http://www.wikidata.org/entity/Q3310960
Michel,Vergoz,http://www.wikidata.org/entity/Q3311058
Michel,Yver,http://www.wikidata.org/entity/Q3311122
Nicole,Borvo,http://www.wikidata.org/entity/Q3341010
Nicole,de Hauteclocque,http://www.wikidata.org/entity/Q3341143
Michelle,Meunier,http://www.wikidata.org/entity/Q3311436
Nathalie,Goulet,http://www.wikidata.org/entity/Q3336598
Olivier,Roux,http://www.wikidata.org/entity/Q3351344
Max,Lejeune,http://www.wikidata.org/entity/Q3302200
Max,Monichon,http://www.wikidata.org/entity/Q3302238
Patrick,Kanner,http://www.wikidata.org/entity/Q3369559
Patrick,Lassourd,http://www.wikidata.org/entity/Q3369594
Michèle,André,http://www.wikidata.org/entity/Q3311556
Michèle,San Vicente-Baudrin,http://www.wikidata.org/entity/Q3311700
Maxime,Javelly,http://www.wikidata.org/entity/Q3302589
Martial,Brousse,http://www.wikidata.org/entity/Q3295239
Martial,Bourquin,http://www.wikidata.org/entity/Q3295242
Martial,Taugourdeau,http://www.wikidata.org/entity/Q3295275
Noël,Berrier,http://www.wikidata.org/entity/Q3345768
Mohamed,Mohamed,http://www.wikidata.org/entity/Q3318625
Maryvonne,Blondin,http://www.wikidata.org/entity/Q3296361
Omer,Capelle,http://www.wikidata.org/entity/Q3351994
Paul-Jacques,Kalb,http://www.wikidata.org/entity/Q3370312
Nassimah,Dindar,http://www.wikidata.org/entity/Q3336265
Pierre,Fastinger,http://www.wikidata.org/entity/Q3384956
Paul,Pelleray,http://www.wikidata.org/entity/Q3371977
Paul,Piales,http://www.wikidata.org/entity/Q3372001
Paul,Symphor,http://www.wikidata.org/entity/Q3372243
Paulette,Brisepierre,http://www.wikidata.org/entity/Q3372628
Paulette,Fost,http://www.wikidata.org/entity/Q3372634
Rachel,Mazuir,http://www.wikidata.org/entity/Q3416111
Pierre,André,http://www.wikidata.org/entity/Q3383721
Pierre,Barbier,http://www.wikidata.org/entity/Q3383859
Pierre,Bastié,http://www.wikidata.org/entity/Q3383892
Pierre,Bernard-Reymond,http://www.wikidata.org/entity/Q3383943
Pierre,Biarnès,http://www.wikidata.org/entity/Q3383995
Pierre,Bordier,http://www.wikidata.org/entity/Q3384085
Pierre,Bourda,http://www.wikidata.org/entity/Q3384131
Pierre,Brantus,http://www.wikidata.org/entity/Q3384179
Pierre,Brousse,http://www.wikidata.org/entity/Q3384203
Pierre,Brun,http://www.wikidata.org/entity/Q3384212
Pierre,Charon,http://www.wikidata.org/entity/Q3384384
Pierre,Dumas,http://www.wikidata.org/entity/Q3384852
Pierre,Fauchon,http://www.wikidata.org/entity/Q3384966
Pierre,Gamboa,http://www.wikidata.org/entity/Q3385132
Pierre,Garet,http://www.wikidata.org/entity/Q3385138
Pierre,Gaudin,http://www.wikidata.org/entity/Q3385168
Pierre,Giraud,http://www.wikidata.org/entity/Q3385237
Pierre,Guichard,http://www.wikidata.org/entity/Q3385359
Pierre,Hérisson,http://www.wikidata.org/entity/Q3385491
Pierre,Jarlier,http://www.wikidata.org/entity/Q3385575
Pierre,Jourdan,http://www.wikidata.org/entity/Q3385637
Pierre,Labonde,http://www.wikidata.org/entity/Q3385699
Pierre,Lagourgue,http://www.wikidata.org/entity/Q3385733
Pierre,Louvot,http://www.wikidata.org/entity/Q3386021
Pierre,Marcilhacy,http://www.wikidata.org/entity/Q3386114
Pierre,Marzin,http://www.wikidata.org/entity/Q3386189
Pierre,Mathey,http://www.wikidata.org/entity/Q3386195
Pierre,Merli,http://www.wikidata.org/entity/Q3386250
Pierre,Métayer,http://www.wikidata.org/entity/Q3386407
Pierre,Patria,http://www.wikidata.org/entity/Q3386533
Pierre,Perrin,http://www.wikidata.org/entity/Q3386569
Pierre,Petit,http://www.wikidata.org/entity/Q3386574
Pierre,Prost,http://www.wikidata.org/entity/Q3386691
Pierre,Roy,http://www.wikidata.org/entity/Q3386885
Pierre,Sallenave,http://www.wikidata.org/entity/Q3386921
Pierre,Salvi,http://www.wikidata.org/entity/Q3386922
Pierre,Schielé,http://www.wikidata.org/entity/Q3386948
Pierre,Sicard,http://www.wikidata.org/entity/Q3386990
Pierre,Tajan,http://www.wikidata.org/entity/Q3387064
Pierre,Vallon,http://www.wikidata.org/entity/Q3387229
Raymond,Boin,http://www.wikidata.org/entity/Q3420684
Raymond,Bonnefous,http://www.wikidata.org/entity/Q3420688
Raymond,Bouvier,http://www.wikidata.org/entity/Q3420699
Raymond,Bouvier,http://www.wikidata.org/entity/Q3420699
Raymond,Brun,http://www.wikidata.org/entity/Q3420718
Raymond,Courrière,http://www.wikidata.org/entity/Q3420773
Raymond,Couderc,http://www.wikidata.org/entity/Q3420774
Raymond,Dumont,http://www.wikidata.org/entity/Q3420819
Raymond,Espagnac,http://www.wikidata.org/entity/Q3420840
Raymond,Guyot,http://www.wikidata.org/entity/Q3420908
Raymond,Poirier,http://www.wikidata.org/entity/Q3421095
Raymond,Vall,http://www.wikidata.org/entity/Q3421178
René,Beaumont,http://www.wikidata.org/entity/Q3425814
René,Blondelle,http://www.wikidata.org/entity/Q3425876
René,Chazelle,http://www.wikidata.org/entity/Q3426006
René,Garrec,http://www.wikidata.org/entity/Q3426247
René,Marquès,http://www.wikidata.org/entity/Q3426602
René,Martin,http://www.wikidata.org/entity/Q3426606
René,Rollin,http://www.wikidata.org/entity/Q3426843
René,Rouquet,http://www.wikidata.org/entity/Q3426851
René,Régnault,http://www.wikidata.org/entity/Q3426858
Paul,Minot,http://www.wikidata.org/entity/Q3371847
Paul,Mistral,http://www.wikidata.org/entity/Q3371851
Paul,Moreau,http://www.wikidata.org/entity/Q3371863
Paul,Pauly,http://www.wikidata.org/entity/Q3371969
Paul,Pillet,http://www.wikidata.org/entity/Q3372014
Paul,de la Morandière,http://www.wikidata.org/entity/Q3372027
Paul,Porteu,http://www.wikidata.org/entity/Q3372027
Paul,Raoult,http://www.wikidata.org/entity/Q3372071
Paul,Ribeyre,http://www.wikidata.org/entity/Q3372096
Paul,Robert,http://www.wikidata.org/entity/Q3372109
Paul,Séramy,http://www.wikidata.org/entity/Q3372244
Paul,Wach,http://www.wikidata.org/entity/Q3372395
Paul,d'Ornano,http://www.wikidata.org/entity/Q3372449
Raoul,Perpère,http://www.wikidata.org/entity/Q3419244
Philippe,Arnaud,http://www.wikidata.org/entity/Q3379238
Philippe,Bas,http://www.wikidata.org/entity/Q3379308
Philippe,Bonnecarrère,http://www.wikidata.org/entity/Q3379387
Philippe,Dominati,http://www.wikidata.org/entity/Q3379746
Philippe,Esnol,http://www.wikidata.org/entity/Q3379805
Philippe,François,http://www.wikidata.org/entity/Q3379851
Philippe,Goujon,http://www.wikidata.org/entity/Q3379945
Philippe,Kaltenbach,http://www.wikidata.org/entity/Q3380089
Philippe,Labeyrie,http://www.wikidata.org/entity/Q3380117
Philippe,Leroy,http://www.wikidata.org/entity/Q3380226
Philippe,Leroy,http://www.wikidata.org/entity/Q3380226
Philippe,Machefert,http://www.wikidata.org/entity/Q3380274
Philippe,Madrelle,http://www.wikidata.org/entity/Q3380285
Philippe,Nachbar,http://www.wikidata.org/entity/Q3380441
Philippe,Paul,http://www.wikidata.org/entity/Q3380506
Philippe,Richert,http://www.wikidata.org/entity/Q3380642
Pierre-Yves,Collombat,http://www.wikidata.org/entity/Q3383554
Raymonde,Le Texier,http://www.wikidata.org/entity/Q3421271
René-Paul,Savary,http://www.wikidata.org/entity/Q3425715
René-Paul,Savary,http://www.wikidata.org/entity/Q3425715
Robert,Bruyneel,http://www.wikidata.org/entity/Q3434665
Robert,Pontillon,http://www.wikidata.org/entity/Q3436098
Virginie,Klès,http://www.wikidata.org/entity/Q3560748
Serge,Boucheny,http://www.wikidata.org/entity/Q3479214
Salah,Benacer,http://www.wikidata.org/entity/Q3469512
Victor,Provo,http://www.wikidata.org/entity/Q3557522
Xavier,Dugoin,http://www.wikidata.org/entity/Q3570661
Xavier,Pintat,http://www.wikidata.org/entity/Q3570771
Roland,Bernard,http://www.wikidata.org/entity/Q3439957
Roland,Boscary-Monsservin,http://www.wikidata.org/entity/Q3439968
Roland,Courteau,http://www.wikidata.org/entity/Q3440013
Roland,Grimaldi,http://www.wikidata.org/entity/Q3440090
Roland,Huguet,http://www.wikidata.org/entity/Q3440102
Roland,Povinelli,http://www.wikidata.org/entity/Q3440221
Roland,Ruet,http://www.wikidata.org/entity/Q3440247
Roland,du Luart,http://www.wikidata.org/entity/Q3440309
Richard,Pouille,http://www.wikidata.org/entity/Q3431135
Richard,Yung,http://www.wikidata.org/entity/Q3431340
Yves,Ackermann,http://www.wikidata.org/entity/Q3573437
Yves,Ackermann,http://www.wikidata.org/entity/Q3573437
Yves,Coquelle,http://www.wikidata.org/entity/Q3573573
Renée,Dervaux,http://www.wikidata.org/entity/Q3427129
Renée,Nicoux,http://www.wikidata.org/entity/Q3427166
Yannick,Bodin,http://www.wikidata.org/entity/Q3571732
Yannick,Bodin,http://www.wikidata.org/entity/Q3571732
Yannick,Botrel,http://www.wikidata.org/entity/Q3571735
Yannick,Texier,http://www.wikidata.org/entity/Q3571803
Yannick,Vaugrenard,http://www.wikidata.org/entity/Q3571817
René,Schwartz,http://www.wikidata.org/entity/Q3426883
René,Tinant,http://www.wikidata.org/entity/Q3426936
René,Tomasini,http://www.wikidata.org/entity/Q3426940
René,Toribio,http://www.wikidata.org/entity/Q3426942
René,Touzet,http://www.wikidata.org/entity/Q3426945
René,Travert,http://www.wikidata.org/entity/Q3426952
René,Vestri,http://www.wikidata.org/entity/Q3426976
Samia,Ghali,http://www.wikidata.org/entity/Q3470800
Samiya,Ghali,http://www.wikidata.org/entity/Q3470800
Stéphane,Artano,http://www.wikidata.org/entity/Q3501568
Stéphane,Bonduel,http://www.wikidata.org/entity/Q3501609
Stéphane,Mazars,http://www.wikidata.org/entity/Q3501943
Roger,Besse,http://www.wikidata.org/entity/Q3438699
Roger,Besson,http://www.wikidata.org/entity/Q3438700
Roger,Boileau,http://www.wikidata.org/entity/Q3438719
Roger,chinaud,http://www.wikidata.org/entity/Q3438812
Roger,Duchet,http://www.wikidata.org/entity/Q3438910
Roger,Fossé,http://www.wikidata.org/entity/Q3438971
Roger,Husson,http://www.wikidata.org/entity/Q3439088
Roger,Lachèvre,http://www.wikidata.org/entity/Q3439149
Roger,Lagrange,http://www.wikidata.org/entity/Q3439157
Roger,Lise,http://www.wikidata.org/entity/Q3439213
Roger,Madec,http://www.wikidata.org/entity/Q3439235
Roger,Menu,http://www.wikidata.org/entity/Q3439278
Roger,Menu,http://www.wikidata.org/entity/Q3439278
Roger,Moreau,http://www.wikidata.org/entity/Q3439297
Roger,Poudonson,http://www.wikidata.org/entity/Q3439377
Roger,Rigaudière,http://www.wikidata.org/entity/Q3439416
Roger,Rinchet,http://www.wikidata.org/entity/Q3439417
Roger,Romani,http://www.wikidata.org/entity/Q3439424
Roger,Thiébault,http://www.wikidata.org/entity/Q3439493
Robert,Bouvard,http://www.wikidata.org/entity/Q3434635
Robert,Calméjane,http://www.wikidata.org/entity/Q3434718
Robert,Castaing,http://www.wikidata.org/entity/Q3434744
Robert,Chevalier,http://www.wikidata.org/entity/Q3434793
Robert,Chevalier,http://www.wikidata.org/entity/Q3434793
Robert,Gravier,http://www.wikidata.org/entity/Q3435270
Robert,Guillaume,http://www.wikidata.org/entity/Q3435290
Robert,Guillaume,http://www.wikidata.org/entity/Q3435290
Robert,Lacoste,http://www.wikidata.org/entity/Q3435624
Robert,Liot,http://www.wikidata.org/entity/Q3435768
Robert,Pagès,http://www.wikidata.org/entity/Q3436030
Robert,Parenty,http://www.wikidata.org/entity/Q3436038
Robert,Piat,http://www.wikidata.org/entity/Q3436072
Robert,Schmitt,http://www.wikidata.org/entity/Q3436259
Robert,Vignon,http://www.wikidata.org/entity/Q3436490
Robert,Vizet,http://www.wikidata.org/entity/Q3436497
Vincent,Capo,http://www.wikidata.org/entity/Q3559512
Vincent,Canellas,http://www.wikidata.org/entity/Q3559512
Vincent,Delahaye,http://www.wikidata.org/entity/Q3559572
Vincent,Delpuech,http://www.wikidata.org/entity/Q3559578
Vincent,Éblé,http://www.wikidata.org/entity/Q3559608
Ronan,Dantec,http://www.wikidata.org/entity/Q3441589
Ronan,Kerdraon,http://www.wikidata.org/entity/Q3441594
Rémy,Pointereau,http://www.wikidata.org/entity/Q3456174
Serge,Andreoni,http://www.wikidata.org/entity/Q3479169
Serge,Franchis,http://www.wikidata.org/entity/Q3479305
Serge,Lagauche,http://www.wikidata.org/entity/Q3479386
Serge,Larcher,http://www.wikidata.org/entity/Q3479395
Serge,Lepeltier,http://www.wikidata.org/entity/Q3479423
Serge,Mathieu,http://www.wikidata.org/entity/Q3479437
Yann,Gaillard,http://www.wikidata.org/entity/Q3571646
Sophie,Joissains,http://www.wikidata.org/entity/Q3490954
Sophie,Primas,http://www.wikidata.org/entity/Q3491023
Tony,Larue,http://www.wikidata.org/entity/Q3531800
Sylvain,Maillols,http://www.wikidata.org/entity/Q3507063
Thierry,Foucaud,http://www.wikidata.org/entity/Q3524252
Thierry,Repentin,http://www.wikidata.org/entity/Q3524492
Rodolphe,Désiré,http://www.wikidata.org/entity/Q3438307
Sandrine,Hurel,http://www.wikidata.org/entity/Q3472000
Sylvie,Desmarescaux,http://www.wikidata.org/entity/Q3507309
Sylvie,Goy-Chavent,http://www.wikidata.org/entity/Q3507333
Rémi,Féraud,http://www.wikidata.org/entity/Q3456022
Rémi,Herment,http://www.wikidata.org/entity/Q3456033
Roselle,Cros,http://www.wikidata.org/entity/Q3442482
Jolande,Boyer,http://www.wikidata.org/entity/Q3572478
Yolande,Boyer,http://www.wikidata.org/entity/Q3572478
Thani,Soilihi,http://www.wikidata.org/entity/Q3519563
Édouard,Bonnefous,http://www.wikidata.org/entity/Q3579745
Édouard,Grangier,http://www.wikidata.org/entity/Q3579867
Édouard,Le Jeune,http://www.wikidata.org/entity/Q3579932
Édouard,Soldani,http://www.wikidata.org/entity/Q3580036
Pascal,Allizard,http://www.wikidata.org/entity/Q18202561
Joseph,Castelli,http://www.wikidata.org/entity/Q16646189
Dominique,Sassone,http://www.wikidata.org/entity/Q17625821
Dominique,Estrosi,http://www.wikidata.org/entity/Q17625821
Marie,Gaouyer,http://www.wikidata.org/entity/Q16663037
François,Aubey,http://www.wikidata.org/entity/Q18202560
Patricia,Bordas,http://www.wikidata.org/entity/Q15729154
Françoise,Boog,http://www.wikidata.org/entity/Q15973778
Jean-Baptiste,Lemoyne,http://www.wikidata.org/entity/Q18202528
Jean-Baptiste,LeMoyne,http://www.wikidata.org/entity/Q18202528
Gilbert,Bouchet,http://www.wikidata.org/entity/Q18202549
Yves,Dauge,http://www.wikidata.org/entity/Q3573596
Yves,Durand,http://www.wikidata.org/entity/Q3573631
Yves,Détraigne,http://www.wikidata.org/entity/Q3573637
Yves,Fréville,http://www.wikidata.org/entity/Q3573650
Yves,Hamon,http://www.wikidata.org/entity/Q3573698
Yves,Krattinger,http://www.wikidata.org/entity/Q3573733
Yves,Le Cozannet,http://www.wikidata.org/entity/Q3573769
Yves,Pozzo di Borgo,http://www.wikidata.org/entity/Q3573907
Yves,Rispat,http://www.wikidata.org/entity/Q3573932
Yves,Rome,http://www.wikidata.org/entity/Q3573942
Yves,Villard,http://www.wikidata.org/entity/Q3574003
Christine,Prunaud,http://www.wikidata.org/entity/Q18202539
Pierre,Martin,http://www.wikidata.org/entity/Q16106339
Pierre,Médevielle,http://www.wikidata.org/entity/Q18202527
Stéphane,Ravier,http://www.wikidata.org/entity/Q15989111
Élie,Brun,http://www.wikidata.org/entity/Q3587725
Élie,Brun,http://www.wikidata.org/entity/Q3587725
Chantal,Deseyne,http://www.wikidata.org/entity/Q18202534
Paul,Loridant,http://www.wikidata.org/entity/Q16011476
Vincent,Dubois,http://www.wikidata.org/entity/Q18202512
Isabelle,Lajoux,http://www.wikidata.org/entity/Q16644046
Jean-Pierre,Bosino,http://www.wikidata.org/entity/Q16855103
Jean,Besson,http://www.wikidata.org/entity/Q8343669
Éliane,Giraud,http://www.wikidata.org/entity/Q16467660
Mireille,Jouve,http://www.wikidata.org/entity/Q18202555
Serge,Babary,http://www.wikidata.org/entity/Q17485834
Émile,Aubert,http://www.wikidata.org/entity/Q3588312
Émile,Claparède,http://www.wikidata.org/entity/Q3588417
Émile,Didier,http://www.wikidata.org/entity/Q3588460
Émile,Dubois,http://www.wikidata.org/entity/Q3588469
Émile,Durieux,http://www.wikidata.org/entity/Q3588482
Hubert,Martin,http://www.wikidata.org/entity/Q11775796
Michel,Amiel,http://www.wikidata.org/entity/Q18202557
Bernard,Lalande,http://www.wikidata.org/entity/Q18202540
Philippe,Mouiller,http://www.wikidata.org/entity/Q18202559
Corinne,Imbert,http://www.wikidata.org/entity/Q18202541
Olivier,Cadic,http://www.wikidata.org/entity/Q18202529
Claude,Raynal,http://www.wikidata.org/entity/Q18202525
David,Rachline,http://www.wikidata.org/entity/Q5238859
Sylvie,Robert,http://www.wikidata.org/entity/Q16945390
Éric,Bocquet,http://www.wikidata.org/entity/Q3590999
Éric,Boyer,http://www.wikidata.org/entity/Q3591010
Éric,Doligé,http://www.wikidata.org/entity/Q3591088
Éric,Jeansannetas,http://www.wikidata.org/entity/Q18202548
Anne-Catherine,Loisier,http://www.wikidata.org/entity/Q18155923
Jérôme,Durain,http://www.wikidata.org/entity/Q18202533
Geneviève,Jean,http://www.wikidata.org/entity/Q18195740
Franck,Montaugé,http://www.wikidata.org/entity/Q16027060
Annick,Billon,http://www.wikidata.org/entity/Q18202535
Évelyne,Didier,http://www.wikidata.org/entity/Q3592771
Marie-Pierre,Monier,http://www.wikidata.org/entity/Q18202547
Cyril,Pellevat,http://www.wikidata.org/entity/Q18202546
